ID ??,Nationality,???,Name
,,,
2,Eng,generic,Keeper of the Privy Seal
2,Eng,generic,Lord High Steward
2,Eng,generic,Lord High Chancellor
2,Eng,generic,Lord High Treasurer
2,Eng,generic,Lord Chief Justice
2,Eng,generic,Lord Great Chamberlain
2,Eng,generic,Lord High Constable of England
2,Eng,generic,Warden of the Cinque Ports
2,Eng,generic,Keeper of the Wardrobe
1,Eng,generic,Controller of the Wardrobe
1,Eng,generic,Cofferer of the Wardrobe
2,Eng,generic,Lord High Marshal
1,Eng,generic,Chancellor of the Exchequer
1,Eng,generic,Lord Mayor of London